,dx(cMpc),dy(cMpc),dz(cMpc),volume(cMpc**3),density(g/cMpc**3)
0,-0.014066584387508069,-0.006534061738160821,-0.019915506799529723,1.3572586336452436e-08,6.154847850053576e+46
1,-0.014066584387508069,-0.004148700244232715,-0.019915506799529723,1.3572586336452436e-08,6.925733970650913e+46
2,-0.02002998812232956,-0.010112103979054614,-0.011566741570779717,1.0858069069161949e-07,9.827472899034248e+45
3,-0.01525926513447253,-0.01488282696691083,-0.011566741570779717,1.0858069069161949e-07,8.027500869620045e+45
4,-0.016451945881436583,-0.011304784726018669,-0.01514478381167351,1.3572586336452436e-08,7.474893844954955e+45
5,-0.016451945881436583,-0.008919423232090561,-0.01514478381167351,1.3572586336452436e-08,1.866248468020473e+46
6,-0.014066584387508069,-0.011304784726018669,-0.017530145305601617,1.3572586336452436e-08,7.40263623140051e+45
7,-0.014066584387508069,-0.011304784726018669,-0.01514478381167351,1.3572586336452436e-08,1.267828475149021e+46
8,-0.014066584387508069,-0.008919423232090561,-0.017530145305601617,1.3572586336452436e-08,2.3741300291178684e+46
9,-0.014662924760990096,-0.009515763605571772,-0.01574112418515309,1.6965732920565545e-09,1.5716606177103796e+46
10,-0.014662924760990096,-0.009515763605571772,-0.014548443438190667,1.6965732920565545e-09,2.3521144460313304e+46
11,-0.014662924760990096,-0.008323082858607719,-0.01574112418515309,1.6965732920565545e-09,3.8409167437907803e+46
12,-0.014662924760990096,-0.008323082858607719,-0.014548443438190667,1.6965732920565545e-09,7.747150540738143e+46
13,-0.013470244014026042,-0.009515763605571772,-0.01574112418515309,1.6965732920565545e-09,1.9280151916261358e+46
14,-0.013470244014026042,-0.009515763605571772,-0.014548443438190667,1.6965732920565545e-09,2.9691535561425963e+46
15,-0.013470244014026042,-0.008323082858607719,-0.01574112418515309,1.6965732920565545e-09,8.651519156901992e+46
16,-0.013470244014026042,-0.008323082858607719,-0.014548443438190667,1.6965732920565545e-09,1.2179454197650967e+47
17,-0.016451945881436583,-0.011304784726018669,-0.01275942231774214,1.3572586336452436e-08,1.624985553874893e+46
18,-0.016451945881436583,-0.011304784726018669,-0.010374060823814032,1.3572586336452436e-08,2.138324952197177e+46
19,-0.016451945881436583,-0.008919423232090561,-0.01275942231774214,1.3572586336452436e-08,3.816180689510852e+46
20,-0.016451945881436583,-0.008919423232090561,-0.010374060823814032,1.3572586336452436e-08,3.9366376671543744e+46
21,-0.014066584387508069,-0.011304784726018669,-0.01275942231774214,1.3572586336452436e-08,2.7940011491575853e+46
22,-0.014066584387508069,-0.011304784726018669,-0.010374060823814032,1.3572586336452436e-08,4.11822539842622e+46
23,-0.014066584387508069,-0.008919423232090561,-0.010374060823814032,1.3572586336452436e-08,1.5285950719867686e+47
24,-0.014662924760990096,-0.009515763605571772,-0.013355762691224982,1.6965732920565545e-09,5.267241326840868e+46
25,-0.014662924760990096,-0.009515763605571772,-0.01216308194426256,1.6965732920565545e-09,7.059091363963819e+46
26,-0.014662924760990096,-0.008323082858607719,-0.013355762691224982,1.6965732920565545e-09,1.1842459298045413e+47
27,-0.014662924760990096,-0.008323082858607719,-0.01216308194426256,1.6965732920565545e-09,1.126684814113546e+47
28,-0.013470244014026042,-0.009515763605571772,-0.013355762691224982,1.6965732920565545e-09,6.689379610362698e+46
29,-0.013470244014026042,-0.009515763605571772,-0.01216308194426256,1.6965732920565545e-09,1.1048746239874317e+47
30,-0.013470244014026042,-0.008323082858607719,-0.013355762691224982,1.6965732920565545e-09,2.239528733236381e+47
31,-0.013470244014026042,-0.008323082858607719,-0.01216308194426256,1.6965732920565545e-09,3.705679357254538e+47
32,-0.02002998812232956,-0.01488282696691083,-0.0020252955950640235,1.0858069069161949e-07,1.5205589366481012e+45
33,-0.02002998812232956,-0.010112103979054614,-0.006796018582923501,1.0858069069161949e-07,9.839118269587057e+45
34,-0.02002998812232956,-0.010112103979054614,-0.0020252955950640235,1.0858069069161949e-07,6.019643388338741e+45
35,-0.01525926513447253,-0.01488282696691083,-0.006796018582923501,1.0858069069161949e-07,8.024713221332272e+45
36,-0.01525926513447253,-0.01488282696691083,-0.0020252955950640235,1.0858069069161949e-07,4.999067449702531e+45
37,-0.01525926513447253,-0.010112103979054614,-0.006796018582923501,1.0858069069161949e-07,3.353833130662017e+46
38,-0.01525926513447253,-0.010112103979054614,-0.0020252955950640235,1.0858069069161949e-07,9.007446733897478e+45
39,-0.02002998812232956,-0.0053413809911967685,-0.011566741570779717,1.0858069069161949e-07,8.927004174666926e+45
40,-0.02002998812232956,-0.000570658003340553,-0.011566741570779717,1.0858069069161949e-07,2.6315251503902597e+45
41,-0.01525926513447253,-0.000570658003340553,-0.016337464558635932,1.0858069069161949e-07,1.3088163580434347e+46
42,-0.01525926513447253,-0.000570658003340553,-0.011566741570779717,1.0858069069161949e-07,1.220184126604685e+46
43,-0.016451945881436583,-0.006534061738160821,-0.017530145305601617,1.3572586336452436e-08,2.831027192515742e+46
44,-0.016451945881436583,-0.006534061738160821,-0.01514478381167351,1.3572586336452436e-08,4.2274195529226577e+46
45,-0.016451945881436583,-0.004148700244232715,-0.017530145305601617,1.3572586336452436e-08,2.87771527311028e+46
46,-0.016451945881436583,-0.004148700244232715,-0.01514478381167351,1.3572586336452436e-08,2.720110166790369e+46
47,-0.014066584387508069,-0.006534061738160821,-0.017530145305601617,1.3572586336452436e-08,1.77768065820846e+47
48,-0.014066584387508069,-0.004148700244232715,-0.017530145305601617,1.3572586336452436e-08,7.587756592869066e+46
49,-0.014066584387508069,-0.004148700244232715,-0.01514478381167351,1.3572586336452436e-08,7.890758273685821e+46
50,-0.014662924760990096,-0.007130402111643665,-0.01574112418515309,1.6965732920565545e-09,1.906419163685939e+47
51,-0.014662924760990096,-0.007130402111643665,-0.014548443438190667,1.6965732920565545e-09,2.2968395639685523e+47
52,-0.014662924760990096,-0.005937721364679611,-0.01574112418515309,1.6965732920565545e-09,1.881842484045493e+47
53,-0.014662924760990096,-0.005937721364679611,-0.014548443438190667,1.6965732920565545e-09,1.691079488003794e+47
54,-0.013470244014026042,-0.007130402111643665,-0.01574112418515309,1.6965732920565545e-09,3.868511485130142e+47
55,-0.013470244014026042,-0.007130402111643665,-0.014548443438190667,1.6965732920565545e-09,6.602655268743065e+47
56,-0.013470244014026042,-0.005937721364679611,-0.01574112418515309,1.6965732920565545e-09,3.94941362418303e+47
57,-0.013470244014026042,-0.005937721364679611,-0.014548443438190667,1.6965732920565545e-09,4.175114180012138e+47
58,-0.016451945881436583,-0.006534061738160821,-0.01275942231774214,1.3572586336452436e-08,4.676335112088792e+46
59,-0.016451945881436583,-0.006534061738160821,-0.010374060823814032,1.3572586336452436e-08,3.5101242610610045e+46
60,-0.016451945881436583,-0.004148700244232715,-0.01275942231774214,1.3572586336452436e-08,2.19885251987925e+46
61,-0.016451945881436583,-0.004148700244232715,-0.010374060823814032,1.3572586336452436e-08,1.632198644101757e+46
62,-0.014066584387508069,-0.006534061738160821,-0.010374060823814032,1.3572586336452436e-08,1.279593074987905e+47
63,-0.014066584387508069,-0.004148700244232715,-0.01275942231774214,1.3572586336452436e-08,6.777272592069722e+46
64,-0.014066584387508069,-0.004148700244232715,-0.010374060823814032,1.3572586336452436e-08,3.946575050026105e+46
65,-0.014662924760990096,-0.007130402111643665,-0.013355762691224982,1.6965732920565545e-09,2.0973284207546847e+47
66,-0.014662924760990096,-0.007130402111643665,-0.01216308194426256,1.6965732920565545e-09,1.592045486887279e+47
67,-0.014662924760990096,-0.005937721364679611,-0.013355762691224982,1.6965732920565545e-09,1.2790626575229334e+47
68,-0.014662924760990096,-0.005937721364679611,-0.01216308194426256,1.6965732920565545e-09,8.829225500247617e+46
69,-0.013470244014026042,-0.007130402111643665,-0.013355762691224982,1.6965732920565545e-09,8.010972287467032e+47
70,-0.013470244014026042,-0.007130402111643665,-0.01216308194426256,1.6965732920565545e-09,6.448118023668683e+47
71,-0.013470244014026042,-0.005937721364679611,-0.013355762691224982,1.6965732920565545e-09,3.5801999464996454e+47
72,-0.013470244014026042,-0.005937721364679611,-0.01216308194426256,1.6965732920565545e-09,2.3116564978922284e+47
73,-0.02002998812232956,-0.0053413809911967685,-0.006796018582923501,1.0858069069161949e-07,6.992177145218984e+45
74,-0.02002998812232956,-0.0053413809911967685,-0.0020252955950640235,1.0858069069161949e-07,3.1257260660476864e+45
75,-0.02002998812232956,-0.000570658003340553,-0.006796018582923501,1.0858069069161949e-07,1.5883182995563716e+45
76,-0.02002998812232956,-0.000570658003340553,-0.0020252955950640235,1.0858069069161949e-07,1.2654586975520063e+45
77,-0.01525926513447253,-0.0053413809911967685,-0.006796018582923501,1.0858069069161949e-07,1.5629090915705892e+46
78,-0.01525926513447253,-0.0053413809911967685,-0.0020252955950640235,1.0858069069161949e-07,5.808291477724186e+45
79,-0.01525926513447253,-0.000570658003340553,-0.006796018582923501,1.0858069069161949e-07,5.615531431366547e+45
80,-0.01525926513447253,-0.000570658003340553,-0.0020252955950640235,1.0858069069161949e-07,2.947260008092033e+45
81,-0.017644626628401047,0.006585426478445401,-0.013952103064707825,8.686455255329559e-07,1.3782653053269877e+45
82,-0.017644626628401047,0.006585426478445401,-0.004410657088995394,8.686455255329559e-07,1.1319012311413913e+45
83,-0.017644626628401047,0.016126872454159464,-0.004410657088995394,8.686455255329559e-07,3.808135792489029e+44
84,-0.017644626628401047,-0.012497465472982722,0.0051307888867202995,8.686455255329559e-07,2.328313591435822e+45
85,-0.017644626628401047,-0.0029560194972686605,0.0051307888867202995,8.686455255329559e-07,2.748056542004299e+45
86,-0.017644626628401047,-0.0029560194972686605,0.014672234862435992,8.686455255329559e-07,2.709478737935303e+45
87,-0.017644626628401047,0.006585426478445401,0.0051307888867202995,8.686455255329559e-07,1.1474658521593945e+45
88,-0.017644626628401047,0.006585426478445401,0.014672234862435992,8.686455255329559e-07,1.2451241759983127e+45
89,-0.017644626628401047,0.016126872454159464,0.0051307888867202995,8.686455255329559e-07,4.059152986670121e+44
90,-0.008103180652686576,-0.022038911448696782,-0.004410657088995394,8.686455255329559e-07,1.5690679891535628e+45
91,0.0014382653230274852,-0.022038911448696782,-0.004410657088995394,8.686455255329559e-07,1.160846337670542e+45
92,-0.008103180652686576,-0.022038911448696782,0.0051307888867202995,8.686455255329559e-07,7.633152595465286e+44
93,0.0014382653230274852,-0.022038911448696782,0.0051307888867202995,8.686455255329559e-07,9.384065610196044e+44
94,0.01575043428659858,-0.0077267424851265075,-0.00918138007685161,6.949164204263647e-06,7.323679764254102e+44
95,0.01575043428659858,0.011356149466303247,-0.00918138007685161,6.949164204263647e-06,4.6611293303926815e+44
96,0.0014382653230274852,-0.0029560194972686605,-0.023493549040423518,8.686455255329559e-07,3.812693816167349e+45
97,-0.005717819158758061,-0.010112103979054614,-0.021108187546492147,1.0858069069161949e-07,1.0509408903768678e+46
98,-0.011681222893579554,-0.008919423232090561,-0.019915506799529723,1.3572586336452436e-08,2.648041011132434e+46
99,-0.009295861399651039,-0.011304784726018669,-0.019915506799529723,1.3572586336452436e-08,1.0134975042916455e+46
100,-0.009295861399651039,-0.008919423232090561,-0.019915506799529723,1.3572586336452436e-08,3.2232026446713064e+46
101,-0.010488542146615092,-0.000570658003340553,-0.021108187546492147,1.0858069069161949e-07,1.3980384003482657e+46
102,-0.005717819158758061,-0.0053413809911967685,-0.021108187546492147,1.0858069069161949e-07,2.2486241095574685e+46
103,-0.005717819158758061,-0.000570658003340553,-0.021108187546492147,1.0858069069161949e-07,9.351837952271755e+45
104,-0.011681222893579554,-0.006534061738160821,-0.019915506799529723,1.3572586336452436e-08,1.0593061079981644e+47
105,-0.011681222893579554,-0.004148700244232715,-0.019915506799529723,1.3572586336452436e-08,7.855394159461996e+46
106,-0.009295861399651039,-0.006534061738160821,-0.022300868293457832,1.3572586336452436e-08,4.4506168569054753e+46
107,-0.009295861399651039,-0.006534061738160821,-0.019915506799529723,1.3572586336452436e-08,9.010803175068209e+46
108,-0.009295861399651039,-0.004148700244232715,-0.022300868293457832,1.3572586336452436e-08,4.503989661777961e+46
109,-0.009295861399651039,-0.004148700244232715,-0.019915506799529723,1.3572586336452436e-08,5.932899557316578e+46
110,0.0014382653230274852,-0.012497465472982722,-0.013952103064707825,8.686455255329559e-07,2.796721469504207e+45
111,0.0014382653230274852,-0.012497465472982722,-0.004410657088995394,8.686455255329559e-07,2.693311232664588e+45
112,0.0014382653230274852,-0.0029560194972686605,-0.013952103064707825,8.686455255329559e-07,4.1745007968243166e+45
113,0.0014382653230274852,-0.0029560194972686605,-0.004410657088995394,8.686455255329559e-07,6.747141151127197e+45
114,-0.010488542146615092,-0.01488282696691083,-0.016337464558635932,1.0858069069161949e-07,1.0634846037202497e+46
115,-0.010488542146615092,-0.01488282696691083,-0.011566741570779717,1.0858069069161949e-07,1.7740519285635606e+46
116,-0.005717819158758061,-0.01488282696691083,-0.016337464558635932,1.0858069069161949e-07,9.103105709521344e+45
117,-0.005717819158758061,-0.01488282696691083,-0.011566741570779717,1.0858069069161949e-07,1.2203721822431456e+46
118,-0.005717819158758061,-0.010112103979054614,-0.016337464558635932,1.0858069069161949e-07,3.809758639739673e+46
119,-0.011681222893579554,-0.011304784726018669,-0.017530145305601617,1.3572586336452436e-08,1.603521567139669e+46
120,-0.011681222893579554,-0.011304784726018669,-0.01514478381167351,1.3572586336452436e-08,3.866800038029832e+46
121,-0.011681222893579554,-0.008919423232090561,-0.017530145305601617,1.3572586336452436e-08,6.841059455603406e+46
122,-0.009295861399651039,-0.011304784726018669,-0.017530145305601617,1.3572586336452436e-08,2.0452526969650157e+46
123,-0.009295861399651039,-0.011304784726018669,-0.01514478381167351,1.3572586336452436e-08,5.452822273776884e+46
124,-0.009295861399651039,-0.008919423232090561,-0.017530145305601617,1.3572586336452436e-08,7.593733342978691e+46
125,-0.01227756326706158,-0.009515763605571772,-0.01574112418515309,1.6965732920565545e-09,3.6792516469703687e+46
126,-0.01227756326706158,-0.009515763605571772,-0.014548443438190667,1.6965732920565545e-09,5.540836737415065e+46
127,-0.01227756326706158,-0.008323082858607719,-0.01574112418515309,1.6965732920565545e-09,1.3438540398595353e+47
128,-0.01227756326706158,-0.008323082858607719,-0.014548443438190667,1.6965732920565545e-09,2.345560415393887e+47
129,-0.011084882520097527,-0.009515763605571772,-0.01574112418515309,1.6965732920565545e-09,6.39038522424187e+46
130,-0.011084882520097527,-0.009515763605571772,-0.014548443438190667,1.6965732920565545e-09,1.212006964621849e+47
131,-0.011084882520097527,-0.008323082858607719,-0.01574112418515309,1.6965732920565545e-09,2.4052162496554074e+47
132,-0.01138305270683854,-0.00862125304534914,-0.014846613624932089,2.120716615070693e-10,1.294647019354749e+47
133,-0.01138305270683854,-0.00862125304534914,-0.014250273251449246,2.120716615070693e-10,1.4986561316341579e+47
134,-0.01138305270683854,-0.008024912671866297,-0.014846613624932089,2.120716615070693e-10,4.981718482369073e+47
135,-0.01138305270683854,-0.008024912671866297,-0.014250273251449246,2.120716615070693e-10,6.004418383736057e+47
136,-0.010786712333356105,-0.00862125304534914,-0.014846613624932089,2.120716615070693e-10,1.990204688442541e+47
137,-0.010786712333356105,-0.00862125304534914,-0.014250273251449246,2.120716615070693e-10,2.6691602828315537e+47
138,-0.010786712333356105,-0.008024912671866297,-0.014846613624932089,2.120716615070693e-10,8.963216852247612e+47
139,-0.010786712333356105,-0.008024912671866297,-0.014250273251449246,2.120716615070693e-10,1.1719443959202725e+48
140,-0.009892201773133064,-0.009515763605571772,-0.01574112418515309,1.6965732920565545e-09,9.43372522128954e+46
141,-0.009892201773133064,-0.009515763605571772,-0.014548443438190667,1.6965732920565545e-09,1.9972800857388273e+47
142,-0.009892201773133064,-0.008323082858607719,-0.01574112418515309,1.6965732920565545e-09,2.8719087988332974e+47
143,-0.009892201773133064,-0.008323082858607719,-0.014548443438190667,1.6965732920565545e-09,1.0602913345049958e+48
144,-0.008699521026169011,-0.009515763605571772,-0.01574112418515309,1.6965732920565545e-09,9.888593797340341e+46
145,-0.008699521026169011,-0.009515763605571772,-0.014548443438190667,1.6965732920565545e-09,2.0180739306753482e+47
146,-0.008699521026169011,-0.008323082858607719,-0.01574112418515309,1.6965732920565545e-09,2.5521072128086823e+47
147,-0.008699521026169011,-0.008323082858607719,-0.014548443438190667,1.6965732920565545e-09,6.596694126245787e+47
148,-0.011681222893579554,-0.011304784726018669,-0.01275942231774214,1.3572586336452436e-08,9.099573481582684e+46
149,-0.011681222893579554,-0.011304784726018669,-0.010374060823814032,1.3572586336452436e-08,9.505485643893962e+46
150,-0.009295861399651039,-0.011304784726018669,-0.01275942231774214,1.3572586336452436e-08,9.80601746028259e+46
151,-0.009295861399651039,-0.011304784726018669,-0.010374060823814032,1.3572586336452436e-08,9.577898529055779e+46
152,-0.01227756326706158,-0.009515763605571772,-0.013355762691224982,1.6965732920565545e-09,1.369746425130521e+47
153,-0.01227756326706158,-0.009515763605571772,-0.01216308194426256,1.6965732920565545e-09,2.8631527674033453e+47
154,-0.01227756326706158,-0.008323082858607719,-0.013355762691224982,1.6965732920565545e-09,7.125252193606465e+47
155,-0.01227756326706158,-0.008323082858607719,-0.01216308194426256,1.6965732920565545e-09,1.3691478973324921e+48
156,-0.011084882520097527,-0.009515763605571772,-0.013355762691224982,1.6965732920565545e-09,3.2162175543072863e+47
157,-0.011084882520097527,-0.009515763605571772,-0.01216308194426256,1.6965732920565545e-09,5.214052434348926e+47
158,-0.01138305270683854,-0.00862125304534914,-0.013653932877966403,2.120716615070693e-10,2.5129839166542843e+47
159,-0.01138305270683854,-0.00862125304534914,-0.01305759250448356,2.120716615070693e-10,6.909486768004007e+47
160,-0.01138305270683854,-0.008024912671866297,-0.013653932877966403,2.120716615070693e-10,9.133590835854494e+47
161,-0.01138305270683854,-0.008024912671866297,-0.01305759250448356,2.120716615070693e-10,3.107815832079388e+48
162,-0.010786712333356105,-0.00862125304534914,-0.013653932877966403,2.120716615070693e-10,5.283772121413156e+47
163,-0.010786712333356105,-0.00862125304534914,-0.01305759250448356,2.120716615070693e-10,1.269442221814103e+48
164,-0.010786712333356105,-0.008024912671866297,-0.013653932877966403,2.120716615070693e-10,2.2395975032726408e+48
165,-0.010786712333356105,-0.008024912671866297,-0.01305759250448356,2.120716615070693e-10,6.310814285799616e+48
166,-0.01138305270683854,-0.00862125304534914,-0.012461252131003981,2.120716615070693e-10,1.5881559733484455e+48
167,-0.01138305270683854,-0.00862125304534914,-0.011864911757521138,2.120716615070693e-10,2.206345372534855e+48
168,-0.01138305270683854,-0.008024912671866297,-0.012461252131003981,2.120716615070693e-10,5.8267036090616987e+48
169,-0.01138305270683854,-0.008024912671866297,-0.011864911757521138,2.120716615070693e-10,5.7179793724194854e+48
170,-0.010786712333356105,-0.00862125304534914,-0.012461252131003981,2.120716615070693e-10,2.397293729086079e+48
171,-0.010786712333356105,-0.00862125304534914,-0.011864911757521138,2.120716615070693e-10,2.848152789976514e+48
172,-0.010786712333356105,-0.008024912671866297,-0.012461252131003981,2.120716615070693e-10,8.697059498737424e+48
173,-0.010786712333356105,-0.008024912671866297,-0.011864911757521138,2.120716615070693e-10,7.574056970905579e+48
174,-0.01227756326706158,-0.009515763605571772,-0.010970401197296874,1.6965732920565545e-09,3.4537837571974853e+47
175,-0.01227756326706158,-0.009515763605571772,-0.009777720450334452,1.6965732920565545e-09,3.007684406640685e+47
176,-0.01227756326706158,-0.008323082858607719,-0.010970401197296874,1.6965732920565545e-09,1.1655445668837862e+48
177,-0.01227756326706158,-0.008323082858607719,-0.009777720450334452,1.6965732920565545e-09,4.971003293331507e+47
178,-0.011084882520097527,-0.009515763605571772,-0.010970401197296874,1.6965732920565545e-09,5.1996963272475406e+47
179,-0.011084882520097527,-0.009515763605571772,-0.009777720450334452,1.6965732920565545e-09,3.953198067919155e+47
180,-0.011084882520097527,-0.008323082858607719,-0.010970401197296874,1.6965732920565545e-09,2.5655284722014422e+48
181,-0.011084882520097527,-0.008323082858607719,-0.009777720450334452,1.6965732920565545e-09,6.075005982769362e+47
182,-0.009892201773133064,-0.009515763605571772,-0.013355762691224982,1.6965732920565545e-09,4.1610357918686e+47
183,-0.009892201773133064,-0.009515763605571772,-0.01216308194426256,1.6965732920565545e-09,5.425100499345274e+47
184,-0.008699521026169011,-0.009515763605571772,-0.013355762691224982,1.6965732920565545e-09,3.5803383232689085e+47
185,-0.008699521026169011,-0.009515763605571772,-0.01216308194426256,1.6965732920565545e-09,4.243190401586538e+47
186,-0.008699521026169011,-0.008323082858607719,-0.013355762691224982,1.6965732920565545e-09,1.218284008411097e+48
187,-0.008699521026169011,-0.008323082858607719,-0.01216308194426256,1.6965732920565545e-09,1.2317482611442601e+48
188,-0.010190371959874078,-0.00862125304534914,-0.013653932877966403,2.120716615070693e-10,9.920081913895818e+47
189,-0.010190371959874078,-0.00862125304534914,-0.01305759250448356,2.120716615070693e-10,1.8299215571986954e+48
190,-0.010190371959874078,-0.008024912671866297,-0.013653932877966403,2.120716615070693e-10,4.739531267720943e+48
191,-0.010190371959874078,-0.008024912671866297,-0.01305759250448356,2.120716615070693e-10,8.750308424220776e+48
192,-0.00959403158639205,-0.00862125304534914,-0.013653932877966403,2.120716615070693e-10,1.1591057349067545e+48
193,-0.00959403158639205,-0.00862125304534914,-0.01305759250448356,2.120716615070693e-10,1.8617247866203644e+48
194,-0.00959403158639205,-0.008024912671866297,-0.013653932877966403,2.120716615070693e-10,4.5007998037109723e+48
195,-0.00959403158639205,-0.008024912671866297,-0.01305759250448356,2.120716615070693e-10,6.161207759001161e+48
196,-0.010190371959874078,-0.00862125304534914,-0.012461252131003981,2.120716615070693e-10,2.6527181942044928e+48
197,-0.010190371959874078,-0.00862125304534914,-0.011864911757521138,2.120716615070693e-10,2.8498248962395163e+48
198,-0.010190371959874078,-0.008024912671866297,-0.012461252131003981,2.120716615070693e-10,9.32206939233888e+48
199,-0.010190371959874078,-0.008024912671866297,-0.011864911757521138,2.120716615070693e-10,7.129515614048106e+48
200,-0.00959403158639205,-0.00862125304534914,-0.012461252131003981,2.120716615070693e-10,2.4347640986413075e+48
201,-0.00959403158639205,-0.00862125304534914,-0.011864911757521138,2.120716615070693e-10,2.4666687614529107e+48
202,-0.00959403158639205,-0.008024912671866297,-0.012461252131003981,2.120716615070693e-10,5.985120423855914e+48
203,-0.00959403158639205,-0.008024912671866297,-0.011864911757521138,2.120716615070693e-10,4.6706440939173735e+48
204,-0.009892201773133064,-0.009515763605571772,-0.010970401197296874,1.6965732920565545e-09,5.162998164426088e+47
205,-0.009892201773133064,-0.009515763605571772,-0.009777720450334452,1.6965732920565545e-09,3.738576342404978e+47
206,-0.009892201773133064,-0.008323082858607719,-0.010970401197296874,1.6965732920565545e-09,2.260841619780215e+48
207,-0.009892201773133064,-0.008323082858607719,-0.009777720450334452,1.6965732920565545e-09,5.032782406485116e+47
208,-0.008699521026169011,-0.009515763605571772,-0.010970401197296874,1.6965732920565545e-09,3.990443945301738e+47
209,-0.008699521026169011,-0.009515763605571772,-0.009777720450334452,1.6965732920565545e-09,2.79877088376183e+47
210,-0.008699521026169011,-0.008323082858607719,-0.010970401197296874,1.6965732920565545e-09,7.783556181505501e+47
211,-0.008699521026169011,-0.008323082858607719,-0.009777720450334452,1.6965732920565545e-09,3.197786412254323e+47
212,-0.006910499905722523,-0.011304784726018669,-0.01275942231774214,1.3572586336452436e-08,6.390814835839466e+46
213,-0.006910499905722523,-0.011304784726018669,-0.010374060823814032,1.3572586336452436e-08,5.947736040981492e+46
214,-0.006910499905722523,-0.008919423232090561,-0.01275942231774214,1.3572586336452436e-08,1.709594782440856e+47
215,-0.006910499905722523,-0.008919423232090561,-0.010374060823814032,1.3572586336452436e-08,1.2944407414266151e+47
216,-0.0045251384117940075,-0.011304784726018669,-0.01275942231774214,1.3572586336452436e-08,2.2324997967448915e+46
217,-0.0045251384117940075,-0.011304784726018669,-0.010374060823814032,1.3572586336452436e-08,2.1205495712176226e+46
218,-0.0045251384117940075,-0.008919423232090561,-0.01275942231774214,1.3572586336452436e-08,2.6297943848470894e+46
219,-0.0045251384117940075,-0.008919423232090561,-0.010374060823814032,1.3572586336452436e-08,2.2626594963154428e+46
220,-0.010488542146615092,-0.01488282696691083,-0.006796018582923501,1.0858069069161949e-07,1.2953232151371074e+46
221,-0.010488542146615092,-0.01488282696691083,-0.0020252955950640235,1.0858069069161949e-07,5.685177384530178e+45
222,-0.010488542146615092,-0.010112103979054614,-0.006796018582923501,1.0858069069161949e-07,5.421940521006254e+46
223,-0.010488542146615092,-0.010112103979054614,-0.0020252955950640235,1.0858069069161949e-07,8.138942439842856e+45
224,-0.005717819158758061,-0.01488282696691083,-0.006796018582923501,1.0858069069161949e-07,8.921674255501996e+45
225,-0.005717819158758061,-0.01488282696691083,-0.0020252955950640235,1.0858069069161949e-07,4.042499566245348e+45
226,-0.005717819158758061,-0.010112103979054614,-0.006796018582923501,1.0858069069161949e-07,2.328854276537525e+46
227,-0.005717819158758061,-0.010112103979054614,-0.0020252955950640235,1.0858069069161949e-07,7.531843025587109e+45
228,-0.010488542146615092,-0.000570658003340553,-0.016337464558635932,1.0858069069161949e-07,1.693422520468697e+46
229,-0.010488542146615092,-0.000570658003340553,-0.011566741570779717,1.0858069069161949e-07,1.4248426643932123e+46
230,-0.005717819158758061,-0.000570658003340553,-0.016337464558635932,1.0858069069161949e-07,1.0364708637956703e+46
231,-0.005717819158758061,-0.000570658003340553,-0.011566741570779717,1.0858069069161949e-07,1.0000419725130103e+46
232,-0.011681222893579554,-0.004148700244232715,-0.017530145305601617,1.3572586336452436e-08,9.737546704012571e+46
233,-0.011681222893579554,-0.004148700244232715,-0.01514478381167351,1.3572586336452436e-08,1.397521378076365e+47
234,-0.009295861399651039,-0.006534061738160821,-0.017530145305601617,1.3572586336452436e-08,2.2160989717486185e+47
235,-0.009295861399651039,-0.004148700244232715,-0.017530145305601617,1.3572586336452436e-08,7.851290322834025e+46
236,-0.009295861399651039,-0.004148700244232715,-0.01514478381167351,1.3572586336452436e-08,1.1689886037675248e+47
237,-0.01227756326706158,-0.007130402111643665,-0.01812648567908446,1.6965732920565545e-09,2.7662661806619294e+47
238,-0.01227756326706158,-0.007130402111643665,-0.016933804932118775,1.6965732920565545e-09,4.146529722966105e+47
239,-0.01227756326706158,-0.005937721364679611,-0.01812648567908446,1.6965732920565545e-09,3.007442086391254e+47
240,-0.01227756326706158,-0.005937721364679611,-0.016933804932118775,1.6965732920565545e-09,4.480592804998702e+47
241,-0.011084882520097527,-0.007130402111643665,-0.01812648567908446,1.6965732920565545e-09,3.0503675256359863e+47
242,-0.011084882520097527,-0.007130402111643665,-0.016933804932118775,1.6965732920565545e-09,5.033133175504876e+47
243,-0.011084882520097527,-0.005937721364679611,-0.01812648567908446,1.6965732920565545e-09,2.6001123667111306e+47
244,-0.011084882520097527,-0.005937721364679611,-0.016933804932118775,1.6965732920565545e-09,4.838180903225346e+47
245,-0.01227756326706158,-0.007130402111643665,-0.01574112418515309,1.6965732920565545e-09,1.0576444765347889e+48
246,-0.01227756326706158,-0.005937721364679611,-0.01574112418515309,1.6965732920565545e-09,6.677705035875444e+47
247,-0.01227756326706158,-0.005937721364679611,-0.014548443438190667,1.6965732920565545e-09,9.059687986874799e+47
248,-0.011084882520097527,-0.007130402111643665,-0.01574112418515309,1.6965732920565545e-09,1.7912526517377845e+48
249,-0.011084882520097527,-0.005937721364679611,-0.01574112418515309,1.6965732920565545e-09,7.370000150821419e+47
250,-0.011084882520097527,-0.005937721364679611,-0.014548443438190667,1.6965732920565545e-09,1.4719273392445866e+48
251,-0.012575733453802593,-0.007428572298385086,-0.014846613624932089,2.120716615070693e-10,1.1011375823399398e+48
252,-0.012575733453802593,-0.007428572298385086,-0.014250273251449246,2.120716615070693e-10,1.87205001061376e+48
253,-0.012575733453802593,-0.006832231924902244,-0.014846613624932089,2.120716615070693e-10,2.091600394842649e+48
254,-0.012575733453802593,-0.006832231924902244,-0.014250273251449246,2.120716615070693e-10,2.789252943404186e+48
255,-0.011979393080320568,-0.007428572298385086,-0.014846613624932089,2.120716615070693e-10,1.8853130699605433e+48
256,-0.011979393080320568,-0.007428572298385086,-0.014250273251449246,2.120716615070693e-10,2.725044577795198e+48
257,-0.011979393080320568,-0.006832231924902244,-0.014846613624932089,2.120716615070693e-10,3.7587975649619015e+48
258,-0.011979393080320568,-0.006832231924902244,-0.014250273251449246,2.120716615070693e-10,4.696908648336389e+48
259,-0.01138305270683854,-0.007428572298385086,-0.014846613624932089,2.120716615070693e-10,2.7010846723779375e+48
260,-0.01138305270683854,-0.007428572298385086,-0.014250273251449246,2.120716615070693e-10,5.332675630173917e+48
261,-0.01138305270683854,-0.006832231924902244,-0.014846613624932089,2.120716615070693e-10,4.6809908145809716e+48
262,-0.01138305270683854,-0.006832231924902244,-0.014250273251449246,2.120716615070693e-10,7.369982258383347e+48
263,-0.010786712333356105,-0.007428572298385086,-0.014846613624932089,2.120716615070693e-10,3.720563613085493e+48
264,-0.010786712333356105,-0.007428572298385086,-0.014250273251449246,2.120716615070693e-10,8.021925034018713e+48
265,-0.010786712333356105,-0.006832231924902244,-0.014846613624932089,2.120716615070693e-10,5.011655427521755e+48
266,-0.010786712333356105,-0.006832231924902244,-0.014250273251449246,2.120716615070693e-10,7.347124733107453e+48
267,-0.009892201773133064,-0.007130402111643665,-0.01574112418515309,1.6965732920565545e-09,1.0571459983590016e+48
268,-0.009892201773133064,-0.005937721364679611,-0.01574112418515309,1.6965732920565545e-09,5.974938982979975e+47
269,-0.009892201773133064,-0.005937721364679611,-0.014548443438190667,1.6965732920565545e-09,9.78640995478767e+47
270,-0.008699521026169011,-0.007130402111643665,-0.01574112418515309,1.6965732920565545e-09,4.108535967416622e+47
271,-0.008699521026169011,-0.007130402111643665,-0.014548443438190667,1.6965732920565545e-09,8.532653994814654e+47
272,-0.008699521026169011,-0.005937721364679611,-0.01574112418515309,1.6965732920565545e-09,2.764211446541592e+47
273,-0.008699521026169011,-0.005937721364679611,-0.014548443438190667,1.6965732920565545e-09,3.9555981003497696e+47
274,-0.010190371959874078,-0.007428572298385086,-0.014846613624932089,2.120716615070693e-10,4.093788543684018e+48
275,-0.010190371959874078,-0.007428572298385086,-0.014250273251449246,2.120716615070693e-10,7.817365294829893e+48
276,-0.010190371959874078,-0.006832231924902244,-0.014846613624932089,2.120716615070693e-10,3.738276354441473e+48
277,-0.010190371959874078,-0.006832231924902244,-0.014250273251449246,2.120716615070693e-10,6.15141866453705e+48
278,-0.00959403158639205,-0.007428572298385086,-0.014846613624932089,2.120716615070693e-10,2.8469458871033878e+48
279,-0.00959403158639205,-0.007428572298385086,-0.014250273251449246,2.120716615070693e-10,4.570715728342403e+48
280,-0.00959403158639205,-0.006832231924902244,-0.014846613624932089,2.120716615070693e-10,2.0425644305511225e+48
281,-0.00959403158639205,-0.006832231924902244,-0.014250273251449246,2.120716615070693e-10,3.45925935813787e+48
282,-0.011681222893579554,-0.004148700244232715,-0.01275942231774214,1.3572586336452436e-08,1.231982697135907e+47
283,-0.011681222893579554,-0.004148700244232715,-0.010374060823814032,1.3572586336452436e-08,6.686537254980101e+46
284,-0.009295861399651039,-0.004148700244232715,-0.01275942231774214,1.3572586336452436e-08,1.1555136026992607e+47
285,-0.009295861399651039,-0.004148700244232715,-0.010374060823814032,1.3572586336452436e-08,5.89507201479343e+46
286,-0.01227756326706158,-0.007130402111643665,-0.01216308194426256,1.6965732920565545e-09,2.7786075863641323e+48
287,-0.01227756326706158,-0.005937721364679611,-0.013355762691224982,1.6965732920565545e-09,8.15396183024319e+47
288,-0.01227756326706158,-0.005937721364679611,-0.01216308194426256,1.6965732920565545e-09,5.5861047666408454e+47
289,-0.011084882520097527,-0.005937721364679611,-0.013355762691224982,1.6965732920565545e-09,1.4625634154491972e+48
290,-0.011084882520097527,-0.005937721364679611,-0.01216308194426256,1.6965732920565545e-09,7.724184180524191e+47
291,-0.012575733453802593,-0.007428572298385086,-0.013653932877966403,2.120716615070693e-10,3.224934067906388e+48
292,-0.012575733453802593,-0.007428572298385086,-0.01305759250448356,2.120716615070693e-10,3.363832421047672e+48
293,-0.012575733453802593,-0.006832231924902244,-0.013653932877966403,2.120716615070693e-10,2.666202913827249e+48
294,-0.012575733453802593,-0.006832231924902244,-0.01305759250448356,2.120716615070693e-10,2.115581153317231e+48
295,-0.011979393080320568,-0.007428572298385086,-0.013653932877966403,2.120716615070693e-10,4.907495178536279e+48
296,-0.011979393080320568,-0.007428572298385086,-0.01305759250448356,2.120716615070693e-10,6.948563595308446e+48
297,-0.011979393080320568,-0.006832231924902244,-0.013653932877966403,2.120716615070693e-10,5.100099164860769e+48
298,-0.011979393080320568,-0.006832231924902244,-0.01305759250448356,2.120716615070693e-10,4.668781220796652e+48
299,-0.01138305270683854,-0.007428572298385086,-0.013653932877966403,2.120716615070693e-10,8.781557116784783e+48
300,-0.01138305270683854,-0.007428572298385086,-0.01305759250448356,2.120716615070693e-10,1.10675063324704e+49
301,-0.01138305270683854,-0.006832231924902244,-0.013653932877966403,2.120716615070693e-10,7.995340217830464e+48
302,-0.01138305270683854,-0.006832231924902244,-0.01305759250448356,2.120716615070693e-10,6.714148456718877e+48
303,-0.010786712333356105,-0.007428572298385086,-0.013653932877966403,2.120716615070693e-10,1.398312828835262e+49
304,-0.010786712333356105,-0.007428572298385086,-0.01305759250448356,2.120716615070693e-10,1.5543835974472613e+49
305,-0.010786712333356105,-0.006832231924902244,-0.013653932877966403,2.120716615070693e-10,9.286122840639035e+48
306,-0.010786712333356105,-0.006832231924902244,-0.01305759250448356,2.120716615070693e-10,8.057345882717937e+48
307,-0.01138305270683854,-0.007428572298385086,-0.012461252131003981,2.120716615070693e-10,1.0172655817567412e+49
308,-0.01138305270683854,-0.007428572298385086,-0.011864911757521138,2.120716615070693e-10,6.092478656520992e+48
309,-0.01138305270683854,-0.006832231924902244,-0.012461252131003981,2.120716615070693e-10,4.6261961884043066e+48
310,-0.01138305270683854,-0.006832231924902244,-0.011864911757521138,2.120716615070693e-10,2.306328059036923e+48
311,-0.010786712333356105,-0.007428572298385086,-0.012461252131003981,2.120716615070693e-10,1.3214094308631222e+49
312,-0.010786712333356105,-0.007428572298385086,-0.011864911757521138,2.120716615070693e-10,6.319450540872545e+48
313,-0.010786712333356105,-0.006832231924902244,-0.012461252131003981,2.120716615070693e-10,4.9943813727049826e+48
314,-0.010786712333356105,-0.006832231924902244,-0.011864911757521138,2.120716615070693e-10,2.259027661238396e+48
315,-0.01227756326706158,-0.007130402111643665,-0.010970401197296874,1.6965732920565545e-09,8.237520803265928e+47
316,-0.01227756326706158,-0.007130402111643665,-0.009777720450334452,1.6965732920565545e-09,1.5329906261527327e+47
317,-0.01227756326706158,-0.005937721364679611,-0.010970401197296874,1.6965732920565545e-09,2.738806437124209e+47
318,-0.01227756326706158,-0.005937721364679611,-0.009777720450334452,1.6965732920565545e-09,1.1011943650863037e+47
319,-0.011084882520097527,-0.007130402111643665,-0.010970401197296874,1.6965732920565545e-09,1.0800180692859902e+48
320,-0.011084882520097527,-0.007130402111643665,-0.009777720450334452,1.6965732920565545e-09,1.7283464437082061e+47
321,-0.011084882520097527,-0.005937721364679611,-0.010970401197296874,1.6965732920565545e-09,3.227990842920054e+47
322,-0.011084882520097527,-0.005937721364679611,-0.009777720450334452,1.6965732920565545e-09,1.0373284176199537e+47
323,-0.009892201773133064,-0.005937721364679611,-0.013355762691224982,1.6965732920565545e-09,1.011968622007411e+48
324,-0.009892201773133064,-0.005937721364679611,-0.01216308194426256,1.6965732920565545e-09,6.453590020376939e+47
325,-0.008699521026169011,-0.007130402111643665,-0.013355762691224982,1.6965732920565545e-09,1.0669289785007501e+48
326,-0.008699521026169011,-0.007130402111643665,-0.01216308194426256,1.6965732920565545e-09,8.050524873412585e+47
327,-0.008699521026169011,-0.005937721364679611,-0.013355762691224982,1.6965732920565545e-09,3.996728181464923e+47
328,-0.008699521026169011,-0.005937721364679611,-0.01216308194426256,1.6965732920565545e-09,2.861653471198702e+47
329,-0.010190371959874078,-0.007428572298385086,-0.013653932877966403,2.120716615070693e-10,1.5421756513119157e+49
330,-0.010190371959874078,-0.007428572298385086,-0.01305759250448356,2.120716615070693e-10,1.51306468031303e+49
331,-0.010190371959874078,-0.006832231924902244,-0.013653932877966403,2.120716615070693e-10,7.364603199375006e+48
332,-0.010190371959874078,-0.006832231924902244,-0.01305759250448356,2.120716615070693e-10,6.565456375100745e+48
333,-0.00959403158639205,-0.007428572298385086,-0.013653932877966403,2.120716615070693e-10,7.107267204002121e+48
334,-0.00959403158639205,-0.007428572298385086,-0.01305759250448356,2.120716615070693e-10,6.918739089325953e+48
335,-0.00959403158639205,-0.006832231924902244,-0.013653932877966403,2.120716615070693e-10,3.834182396959761e+48
336,-0.00959403158639205,-0.006832231924902244,-0.01305759250448356,2.120716615070693e-10,3.385372342035029e+48
337,-0.010190371959874078,-0.007428572298385086,-0.012461252131003981,2.120716615070693e-10,1.044934036079283e+49
338,-0.010190371959874078,-0.007428572298385086,-0.011864911757521138,2.120716615070693e-10,4.790413242475726e+48
339,-0.010190371959874078,-0.006832231924902244,-0.012461252131003981,2.120716615070693e-10,3.8303050155237214e+48
340,-0.010190371959874078,-0.006832231924902244,-0.011864911757521138,2.120716615070693e-10,1.796412496199097e+48
341,-0.00959403158639205,-0.007428572298385086,-0.012461252131003981,2.120716615070693e-10,4.6170038518028044e+48
342,-0.00959403158639205,-0.007428572298385086,-0.011864911757521138,2.120716615070693e-10,2.544900936833189e+48
343,-0.00959403158639205,-0.006832231924902244,-0.012461252131003981,2.120716615070693e-10,2.1967830872497594e+48
344,-0.00959403158639205,-0.006832231924902244,-0.011864911757521138,2.120716615070693e-10,1.1286681232944923e+48
345,-0.009892201773133064,-0.007130402111643665,-0.010970401197296874,1.6965732920565545e-09,7.944212897845713e+47
346,-0.009892201773133064,-0.007130402111643665,-0.009777720450334452,1.6965732920565545e-09,1.5131258364089154e+47
347,-0.009892201773133064,-0.005937721364679611,-0.010970401197296874,1.6965732920565545e-09,2.761543992959216e+47
348,-0.009892201773133064,-0.005937721364679611,-0.009777720450334452,1.6965732920565545e-09,1.0096055168658033e+47
349,-0.008699521026169011,-0.007130402111643665,-0.010970401197296874,1.6965732920565545e-09,3.81008044617982e+47
350,-0.008699521026169011,-0.007130402111643665,-0.009777720450334452,1.6965732920565545e-09,1.4680246638223512e+47
351,-0.008699521026169011,-0.005937721364679611,-0.010970401197296874,1.6965732920565545e-09,1.846113602221762e+47
352,-0.008699521026169011,-0.005937721364679611,-0.009777720450334452,1.6965732920565545e-09,9.34241586196231e+46
353,-0.006910499905722523,-0.006534061738160821,-0.017530145305601617,1.3572586336452436e-08,6.01039255939416e+46
354,-0.006910499905722523,-0.006534061738160821,-0.01514478381167351,1.3572586336452436e-08,1.089746583687744e+47
355,-0.006910499905722523,-0.004148700244232715,-0.017530145305601617,1.3572586336452436e-08,3.968247909253887e+46
356,-0.006910499905722523,-0.004148700244232715,-0.01514478381167351,1.3572586336452436e-08,5.34832930911294e+46
357,-0.0045251384117940075,-0.006534061738160821,-0.017530145305601617,1.3572586336452436e-08,1.2086015083077037e+46
358,-0.0045251384117940075,-0.006534061738160821,-0.01514478381167351,1.3572586336452436e-08,1.8240785498455955e+46
359,-0.0045251384117940075,-0.004148700244232715,-0.017530145305601617,1.3572586336452436e-08,1.412538194025177e+46
360,-0.0045251384117940075,-0.004148700244232715,-0.01514478381167351,1.3572586336452436e-08,1.37890057135274e+46
361,-0.006910499905722523,-0.006534061738160821,-0.01275942231774214,1.3572586336452436e-08,1.1310647606671632e+47
362,-0.006910499905722523,-0.006534061738160821,-0.010374060823814032,1.3572586336452436e-08,7.986572923175106e+46
363,-0.006910499905722523,-0.004148700244232715,-0.01275942231774214,1.3572586336452436e-08,5.084101684011415e+46
364,-0.006910499905722523,-0.004148700244232715,-0.010374060823814032,1.3572586336452436e-08,3.3805219466465617e+46
365,-0.0045251384117940075,-0.006534061738160821,-0.01275942231774214,1.3572586336452436e-08,1.7544879071638654e+46
366,-0.0045251384117940075,-0.006534061738160821,-0.010374060823814032,1.3572586336452436e-08,1.8081893568633505e+46
367,-0.0045251384117940075,-0.004148700244232715,-0.01275942231774214,1.3572586336452436e-08,1.4098815812972533e+46
368,-0.0045251384117940075,-0.004148700244232715,-0.010374060823814032,1.3572586336452436e-08,1.6743189839719495e+46
369,-0.010488542146615092,-0.0053413809911967685,-0.006796018582923501,1.0858069069161949e-07,2.2696239910672933e+46
370,-0.010488542146615092,-0.0053413809911967685,-0.0020252955950640235,1.0858069069161949e-07,1.0367409800763685e+46
371,-0.010488542146615092,-0.000570658003340553,-0.006796018582923501,1.0858069069161949e-07,8.32586119648927e+45
372,-0.010488542146615092,-0.000570658003340553,-0.0020252955950640235,1.0858069069161949e-07,6.065133745588857e+45
373,-0.005717819158758061,-0.0053413809911967685,-0.006796018582923501,1.0858069069161949e-07,2.0080999423210506e+46
374,-0.005717819158758061,-0.0053413809911967685,-0.0020252955950640235,1.0858069069161949e-07,1.2461373131799558e+46
375,-0.005717819158758061,-0.000570658003340553,-0.006796018582923501,1.0858069069161949e-07,8.508831790373134e+45
376,-0.005717819158758061,-0.000570658003340553,-0.0020252955950640235,1.0858069069161949e-07,8.052549478404964e+45
377,0.0014382653230274852,0.006585426478445401,-0.023493549040423518,8.686455255329559e-07,1.2872461249007058e+45
378,-0.008103180652686576,0.006585426478445401,-0.013952103064707825,8.686455255329559e-07,1.855933289416235e+45
379,-0.008103180652686576,0.006585426478445401,-0.004410657088995394,8.686455255329559e-07,1.7955341174755555e+45
380,-0.008103180652686576,0.016126872454159464,-0.013952103064707825,8.686455255329559e-07,4.073534654756484e+44
381,-0.008103180652686576,0.016126872454159464,-0.004410657088995394,8.686455255329559e-07,4.0383251333295704e+44
382,0.0014382653230274852,0.006585426478445401,-0.013952103064707825,8.686455255329559e-07,1.5564577021028758e+45
383,0.0014382653230274852,0.006585426478445401,-0.004410657088995394,8.686455255329559e-07,1.81695951257909e+45
384,0.0014382653230274852,0.016126872454159464,-0.013952103064707825,8.686455255329559e-07,3.913838208833669e+44
385,0.0014382653230274852,0.016126872454159464,-0.004410657088995394,8.686455255329559e-07,3.8769932570214794e+44
386,0.01575043428659858,0.011356149466303247,0.009901511874576514,6.949164204263647e-06,4.5228735528087446e+44
387,-0.008103180652686576,-0.012497465472982722,0.0051307888867202995,8.686455255329559e-07,3.417790300197698e+45
388,-0.008103180652686576,-0.012497465472982722,0.014672234862435992,8.686455255329559e-07,3.451347420977842e+45
389,-0.008103180652686576,-0.0029560194972686605,0.0051307888867202995,8.686455255329559e-07,7.222652403539258e+45
390,-0.008103180652686576,-0.0029560194972686605,0.014672234862435992,8.686455255329559e-07,4.9350918265787984e+45
391,0.0014382653230274852,-0.012497465472982722,0.0051307888867202995,8.686455255329559e-07,2.373853476708367e+45
392,0.0014382653230274852,-0.012497465472982722,0.014672234862435992,8.686455255329559e-07,2.5636853358719533e+45
393,0.0014382653230274852,-0.0029560194972686605,0.0051307888867202995,8.686455255329559e-07,6.180185078989503e+45
394,0.0014382653230274852,-0.0029560194972686605,0.014672234862435992,8.686455255329559e-07,4.1128115078933144e+45
395,0.0014382653230274852,-0.0029560194972686605,0.024213680838148424,8.686455255329559e-07,2.523229992353726e+45
396,-0.008103180652686576,0.006585426478445401,0.0051307888867202995,8.686455255329559e-07,1.7982923506434067e+45
397,-0.008103180652686576,0.006585426478445401,0.014672234862435992,8.686455255329559e-07,1.5528387624132724e+45
398,-0.008103180652686576,0.016126872454159464,0.0051307888867202995,8.686455255329559e-07,4.087568432482258e+44
399,-0.008103180652686576,0.016126872454159464,0.014672234862435992,8.686455255329559e-07,4.1367177666685346e+44
400,0.0014382653230274852,0.006585426478445401,0.0051307888867202995,8.686455255329559e-07,1.7881308094732112e+45
401,0.0014382653230274852,0.006585426478445401,0.014672234862435992,8.686455255329559e-07,1.4718916207410207e+45
402,0.0014382653230274852,0.016126872454159464,0.0051307888867202995,8.686455255329559e-07,3.7738420366544865e+44
403,0.0014382653230274852,0.016126872454159464,0.014672234862435992,8.686455255329559e-07,3.481018289023472e+44
404,0.0014382653230274852,0.006585426478445401,0.024213680838148424,8.686455255329559e-07,1.0928920053135737e+45
405,0.010979711298741547,-0.012497465472982722,0.0051307888867202995,8.686455255329559e-07,1.2478338867888607e+45
406,0.010979711298741547,-0.012497465472982722,0.014672234862435992,8.686455255329559e-07,1.3591750182047677e+45
407,0.010979711298741547,-0.0029560194972686605,0.0051307888867202995,8.686455255329559e-07,1.9192440554063988e+45
408,0.010979711298741547,-0.0029560194972686605,0.014672234862435992,8.686455255329559e-07,1.6631662035427172e+45
409,0.020521157274456015,-0.012497465472982722,0.0051307888867202995,8.686455255329559e-07,4.7406878018523155e+44
410,0.020521157274456015,-0.0029560194972686605,0.0051307888867202995,8.686455255329559e-07,3.415863798401421e+44
411,0.020521157274456015,-0.0029560194972686605,0.014672234862435992,8.686455255329559e-07,3.356631300511914e+44
